{
   "metaDataVersion":"1.0.0",
   "category":"com.microchip.ide.project",
   "content":{
      "metaDataVersion":"1.3.0",
      "name":"com.microchip.mplabx.project.mclv-48v-300w-an1017-dspic33ck256mp508",
      "version":"1.0.0",
      "displayName":"AN1017 dspic33ck256mp508 MCLV-48V-300W",
      "projectName":"mclv-48v-300w-an1017-dspic33ck256mp508",
      "shortDescription":"Sinusoidal Hall Sensor based control of PMSM",
      "ide":{
         "name":"MPLABX",
         "semverRange":">=5.50.0"
      },
      "compiler":{
         "name":"XC16",
         "semverRange":"^1.70.0"
      },
      "dfp":{
         "name":"dsPIC33CK-MP_DFP",
         "semverRange":">=1.6.176"
      },
	  "configurator": {
         "name": "MCC",
         "semverRange": ">=4.0.1"
      },
      "device":{
         "metaDataVersion":"1.0.0",
         "category":"com.microchip.portal.contentRef",
         "content":{
            "metaDataVersion":"1.0.0",
            "category":"com.microchip.device",
            "name":"dsPIC33CK256MP508",
            "versionRange":"*"
         }
      },
	  "peripherals":[
         "ADC",
         "PWM"
      ],
      "keywords":[
         "Motor Control",
         "PMSM"

      ]
   
   }
}